<install type="component" version="1.5.0" method="upgrade">
    <name>Watchfulli</name>
    <version>1.12.9</version>
    <creationDate>2020-03-26</creationDate>
    <description>Watchful - Remote updates and security monitoring Joomla!</description>
    <license>GNU/GPL v3 or later</license>
    <author>Watchful</author>
    <authoremail>info@watchful.net</authoremail>
    <authorUrl>https://watchful.net</authorUrl>
    <files folder="site">
        <filename>controller.php</filename>
        <filename>watchfulli.php</filename>
        <folder>views</folder>
    </files>  
    <administration>
        <menu img="../administrator/components/com_watchfulli/watchfulli_picto_16x16.png" link="option=com_watchfulli">Watchfulli</menu>
        <files folder="admin">
            <filename>watchfulli.php</filename>
            <filename>config.xml</filename>
            <filename>controller.php</filename>
            <filename>autoloader.php</filename>
            <filename>watchfulli_picto_16x16.png</filename>
            <filename>watchfulli_picto_48x48.png</filename>
            <filename>icon_jmon.css</filename>
            <folder>classes</folder>
            <folder>views</folder>
        </files>
        <languages folder="admin/language">
            <language tag="en-GB">en-GB/en-GB.com_watchfulli.ini</language>
            <language tag="es-ES">es-ES/es-ES.com_watchfulli.ini</language>
            <language tag="fr-FR">fr-FR/fr-FR.com_watchfulli.ini</language>
            <language tag="it-IT">it-IT/it-IT.com_watchfulli.ini</language>
            <language tag="ru-RU">ru-RU/ru-RU.com_watchfulli.ini</language>
            <language tag="nl-NL">nl-NL/nl-NL.com_watchfulli.ini</language>
        </languages>
    </administration> 
    <installfile>install.watchfulli.php</installfile>
</install>
